{"cameraMode":{"drawMode":0,"name":"Shaded","section":"Shading Mode"},"sceneLighting":false,"audioPlay":false,"sceneViewState":{"m_AlwaysRefresh":false,"showFog":true,"showSkybox":false,"showFlares":true,"showImageEffects":true,"showParticleSystems":true,"showVisualEffectGraphs":true,"m_FxEnabled":true},"in2DMode":false,"pivot":{"x":11.203240394592286,"y":2.5182652473449709,"z":18.6299991607666},"rotation":{"x":0.14337056875228883,"y":-0.04244035854935646,"z":0.006153986789286137,"w":0.9887381196022034},"size":4.739339828491211,"orthographic":false}