{"cameraMode":{"drawMode":0,"name":"Shaded","section":"Shading Mode"},"sceneLighting":false,"audioPlay":false,"sceneViewState":{"m_AlwaysRefresh":false,"showFog":true,"showSkybox":false,"showFlares":true,"showImageEffects":true,"showParticleSystems":true,"showVisualEffectGraphs":true,"m_FxEnabled":true},"in2DMode":false,"pivot":{"x":10.128969192504883,"y":-0.24012136459350587,"z":13.542088508605957},"rotation":{"x":-0.004222442861646414,"y":-0.9848597049713135,"z":0.17159374058246613,"w":-0.024234361946582795},"size":7.629142761230469,"orthographic":false}